Judul,Harga,Kategori
Mesaerion: The Best Science Fiction Stories 1800-1849,£37.59,Science Fiction
Join,£35.67,Science Fiction
"William Shakespeare's Star Wars: Verily, A New Hope (William Shakespeare's Star Wars #4)",£43.30,Science Fiction
The Project,£10.65,Science Fiction
Soft Apocalypse,£26.12,Science Fiction
Sleeping Giants (Themis Files #1),£48.74,Science Fiction
Arena,£21.36,Science Fiction
Foundation (Foundation (Publication Order) #1),£32.42,Science Fiction
The Restaurant at the End of the Universe (Hitchhiker's Guide to the Galaxy #2),£10.92,Science Fiction
Ready Player One,£19.07,Science Fiction
"Life, the Universe and Everything (Hitchhiker's Guide to the Galaxy #3)",£33.26,Science Fiction
Dune (Dune #1),£54.86,Science Fiction
Do Androids Dream of Electric Sheep? (Blade Runner #1),£51.48,Science Fiction
Three Wishes (River of Time: California #1),£44.18,Science Fiction
The Last Girl (The Dominion Trilogy #1),£36.26,Science Fiction
Having the Barbarian's Baby (Ice Planet Barbarians #7.5),£34.96,Science Fiction
