Judul,Harga
Unicorn Tracks,£18.78
"Saga, Volume 6 (Saga (Collected Editions) #6)",£25.02
Princess Between Worlds (Wide-Awake Princess #5),£13.34
Masks and Shadows,£56.40
Crown of Midnight (Throne of Glass #2),£43.29
"Avatar: The Last Airbender: Smoke and Shadow, Part 3 (Smoke and Shadow #3)",£28.09
A Court of Thorns and Roses (A Court of Thorns and Roses #1),£52.37
Throne of Glass (Throne of Glass #1),£35.07
The Glittering Court (The Glittering Court #1),£44.28
Hollow City (Miss Peregrine’s Peculiar Children #2),£42.98
The Star-Touched Queen,£46.02
The Hidden Oracle (The Trials of Apollo #1),£52.26
The Bane Chronicles (The Bane Chronicles #1-11),£44.73
Island of Dragons (Unwanteds #7),£29.65
Demigods & Magicians: Percy and Annabeth Meet the Kanes (Percy Jackson & Kane Chronicles Crossover #1-3),£37.51
City of Glass (The Mortal Instruments #3),£56.02
Searching for Meaning in Gailana,£38.73
The Star-Touched Queen,£32.30
A Shard of Ice (The Black Symphony Saga #1),£56.63
King's Folly (The Kinsman Chronicles #1),£39.61
